pgb-index-contact-complex-down;sent;name;value;pos;feats;class;use
pgb-index-nocontact-complex-down;И PGB-index-nocontact-complex-down у них все хорошо PGE.;w3;все;PRON;Animacy=Anim|Case=Nom|Number=Plur;all;endophoric
pgb-other-nocontact-simple-up;Ну PGB-other-nocontact-simple-up судя по всему PGE, он там несколько лет точно провел за избиение.;w3;всему;PRON;Animacy=Inan|Case=Dat|Gender=Neut|Number=Sing;all;endophoric
pgb-index-nocontact-complex-up;Ну PGB-index-nocontact-complex-up слушай, судя по всему это стойки PGE, стойки этими, фруктами.;w4;всему;PRON;Animacy=Inan|Case=Dat|Gender=Neut|Number=Sing;all;endophoric
pgb-index-contact-simple-down;А, PGB-index-contact-simple-down это PGE PGB-index-contact-simple-down та же самая девушка PGE.;w1;та;pron;Animacy=Inan|Case=Nom|Gender=Fem|Number=Sing;dem_p_dist;endophoric
pgb-index-contact-complex-down;PGB-index-contact-complex-down Футболка одна и та же, а прическа нет PGE.;w4;та;pron;Animacy=Inan|Case=Nom|Gender=Fem|Number=Sing;dem_p_dist;endophoric
pgb-other-nocontact-complex-up;PGB-other-nocontact-complex-up Ну то есть тут видно PGE, PGB-other-nocontact-simple-up он PGE PGB-other-nocontact-complex-up обвиняет ее в том PGE, что PGB-index-nocontact-complex-up она сильно мила к нему PGE была.;w2;то;PRON;Animacy=Inan|Case=Nom|Gender=Neut|Number=Sing;dem_p_dist;endophoric
pgb-palm-contact-complex-vertical;Мы не знаем кто это. PGB-palm-contact-simple-vertical Да, в общем он пришел домой после PGE PGB-palm-contact-complex-vertical того как ему на пьянке рассказали PGE, PGB-palm-nocontact-complex-vertical что видели его жену PGE. PGB-palm-nocontact-complex-vertical Что она с кем-то общалась PGE. PGB-palm-contact-simple-vertical Очень дружелюбно.;w1;того;PRON;Animacy=Inan|Case=Gen|Gender=Neut|Number=Sing;dem_p_dist;endophoric
pgb-index-nocontact-simple-vertical;PGB-index-nocontact-simple-vertical Ну там же была PGE картинка как он.;w2;там;ADV;Degree=Pos;loc_adv_dist;endophoric
pgb-other-contact-simple-up;PGB-other-contact-simple-up Вот это его там кусок хлеба, который ему дали PGE.;w4;там;ADV;Degree=Pos;loc_adv_dist;endophoric
pgb-index-contact-simple-down;PGB-index-contact-simple-down Слушай, там и PGE.;w2;там;ADV;Degree=Pos;loc_adv_dist;endophoric
pgb-palm-contact-simple-down;То есть как бы PGB-palm-contact-simple-down он там вышел PGE.;w2;там;ADV;Degree=Pos;loc_adv_dist;endophoric
pgb-index-nocontact-complex-down;PGB-index-nocontact-complex-vertical И мы потом узнаем PGE, PGB-index-nocontact-complex-down что же там случилось PGE.;w3;там;ADV;Degree=Pos;loc_adv_dist;endophoric
pgb-index-contact-simple-down;Нет, тут PGB-index-contact-simple-down смотри, вот этот PGE PGB-index-contact-complex-down чувак ему говорит о том, что PGE PGB-index-contact-simple-down он якобы там PGE, PGB-index-nocontact-complex-down что эта девушка PGE.;w3;там;ADV;Degree=Pos;loc_adv_dist;endophoric
pgb-index-contact-complex-down;Да, PGB-index-contact-complex-down тут он типа, что он там сидел в темной PGE своей камере.;w6;там;ADV;Degree=Pos;loc_adv_dist;endophoric
pgb-other-nocontact-complex-up;PGB-other-nocontact-complex-up Ну то есть тут видно PGE, PGB-other-nocontact-simple-up он PGE PGB-other-nocontact-complex-up обвиняет ее в том PGE, что PGB-index-nocontact-complex-up она сильно мила к нему PGE была.;w4;тут;pron;Degree=Pos;loc_adv_prox;endophoric
pgb-palm-nocontact-complex-up;PGB-palm-nocontact-complex-up Тут очень сложно их как-то по-другому PGE поставить на самом деле.;w1;тут;pron;Degree=Pos;loc_adv_prox;endophoric
pgb-index-nocontact-complex-down;Но PGB-index-nocontact-complex-down тут явно PGE, что не правильно, потому что ребенок подрос к сожалению.;w1;тут;pron;Degree=Pos;loc_adv_prox;endophoric
pgb-index-contact-simple-down;Нет, PGB-index-contact-simple-down тут к сожалению PGE, тут не.;w1;тут;pron;Degree=Pos;loc_adv_prox;endophoric
pgb-index-contact-complex-down;И PGB-index-contact-complex-down родители явно не PGE довольны.;w2;явно;ADV;Degree=Pos;evid_adv;other
pgb-index-contact-complex-down;Ну да, PGB-index-contact-complex-down ну это явно до PGE, потому что все таки PGB-index-contact-simple-down он ее PGE ударил.;w3;явно;ADV;Degree=Pos;evid_adv;other
pgb-index-nocontact-complex-down;Там PGB-index-nocontact-complex-down явно где-то PGE на заднем плане море, песочек, там все классно.;w1;явно;ADV;Degree=Pos;evid_adv;other
pgb-index-nocontact-complex-down;Да, PGB-index-nocontact-complex-down тут явно пропитые PGE физиономии.;w2;явно;ADV;Degree=Pos;evid_adv;other
pgb-index-nocontact-simple-vertical;То есть, PGB-index-nocontact-simple-vertical ну как бы явно PGE, что положение его печально.;w4;явно;ADV;Degree=Pos;evid_adv;other
pgb-index-contact-simple-down;PGB-index-contact-simple-down То есть там явно то PGE день.;w4;явно;ADV;Degree=Pos;evid_adv;other
pgb-index-contact-complex-down;PGB-index-contact-complex-down Ну то есть, тут то явно прошло как минимум PGE несколько лет, да? Да.;w6;явно;ADV;Degree=Pos;evid_adv;other
pgb-index-contact-complex-down;Хотя PGB-index-contact-complex-down жена то тоже явно PGE, вот то, PGB-index-nocontact-simple-vertical что мы в самом начале сказали PGE, да, PGB-index-nocontact-complex-down что она явно PGE PGB-index-nocontact-complex-down Никто на самом деле не счастлив PGE его видеть то по началу.;w4;явно;ADV;Degree=Pos;evid_adv;other
pgb-index-nocontact-complex-down;Хотя PGB-index-contact-complex-down жена то тоже явно PGE, вот то, PGB-index-nocontact-simple-vertical что мы в самом начале сказали PGE, да, PGB-index-nocontact-complex-down что она явно PGE PGB-index-nocontact-complex-down Никто на самом деле не счастлив PGE его видеть то по началу.;w3;явно;ADV;Degree=Pos;evid_adv;other
pgb-index-nocontact-complex-down;Но PGB-index-nocontact-complex-down тут явно PGE, что не правильно, потому что ребенок подрос к сожалению.;w2;явно;ADV;Degree=Pos;evid_adv;other
pgb-other-nocontact-complex-down;И PGB-other-nocontact-complex-down у них, похоже, какой-то PGE спор. PGB-other-nocontact-simple-down Потому что этот чувак PGE PGB-other-nocontact-complex-down явно недоволен PGE.;w1;явно;ADV;Degree=Pos;evid_adv;other
pgb-index-nocontact-simple-down;Что PGB-index-contact-simple-down его разозлило PGE, PGB-index-nocontact-simple-down потому что он явно тоже недоволен PGE.;w4;явно;ADV;Degree=Pos;evid_adv;other
pgb-index-contact-complex-down;PGB-index-contact-complex-down И сын смотрит PGE PGB-index-contact-complex-down на это все тоже как-бы PGE.;w3;все;PRON;Animacy=Anim|Case=Nom|Number=Plur;all;exophoric
pgb-palm-nocontact-complex-up;Ну да, мне добавить особо нечего, PGB-palm-nocontact-complex-up тут все как бы ясно PGE.;w2;все;PRON;Animacy=Anim|Case=Nom|Number=Plur;all;exophoric
pgb-index-nocontact-complex-down;Потому что все, то есть, PGB-index-nocontact-complex-down все вот эти трое PGE, они на одной стороне, смотрят на него.;w1;все;PRON;Animacy=Anim|Case=Nom|Number=Plur;all;exophoric
pgb-index-contact-simple-down;Как бы, PGB-palm-contact-simple-up непонятно PGE что PGB-index-contact-simple-down все в шлепках PGE!;w1;все;PRON;Animacy=Anim|Case=Nom|Number=Plur;all;exophoric
pgb-palm-contact-complex-down;Нет, надо, надо, чтобы PGB-palm-contact-complex-down все закончилось вот так PGE.;w1;все;PRON;Animacy=Anim|Case=Nom|Number=Plur;all;exophoric
pgb-palm-nocontact-simple-up;Ну тоже, это мы так смеемся, на самом деле, это PGB-palm-nocontact-simple-up все очень печально PGE.;w1;все;PRON;Animacy=Anim|Case=Nom|Number=Plur;all;exophoric
pgb-index-nocontact-simple-vertical;PGB-index-nocontact-simple-vertical Это наверное вот та вот PGE эта самая женщина.;w4;та;pron;Animacy=Inan|Case=Nom|Gender=Fem|Number=Sing;dem_p_dist;exophoric
pgb-index-contact-simple-down;PGB-index-contact-simple-down Тем более это смотри PGE, PGB-index-nocontact-complex-down это даже, это PGE ну так это.;w1;тем;PRON;Animacy=Inan|Case=Ins|Gender=Neut|Number=Sing;dem_p_dist;exophoric
pgb-palm-contact-simple-vertical;Ну да, но PGB-palm-contact-simple-vertical ни то PGE PGB-palm-contact-simple-vertical ни это PGE не похоже на тюремные робы, которые мы видим в фильмах обычно.;w2;то;PRON;Animacy=Inan|Case=Nom|Gender=Neut|Number=Sing;dem_p_dist;exophoric
pgb-index-contact-complex-down;Другой, да? PGB-index-contact-complex-down То есть это не то не один и тот же PGE человек?;w5;то;PRON;Animacy=Inan|Case=Nom|Gender=Neut|Number=Sing;dem_p_dist;exophoric
pgb-index-contact-complex-down;Потому что PGB-index-contact-simple-down мне кажется у них PGE PGB-index-contact-complex-down они очень похожи с этим PGE мальчиком.;w5;этим;PRON;Animacy=Inan|Case=Ins|Gender=Neut|Number=Sing;dem_p_prox;exophoric
pgb-palm-nocontact-complex-down;И так понимаю, что он PGB-palm-nocontact-simple-down не доволен PGE вот этой PGB-palm-nocontact-complex-down вот этим общением PGE PGB-palm-nocontact-complex-down между мужчиной и женщиной PGE.;w2;этим;PRON;Animacy=Inan|Case=Ins|Gender=Neut|Number=Sing;dem_p_prox;exophoric
pgb-index-contact-simple-down;PGB-index-contact-simple-down Потому что он похож PGE PGB-index-contact-simple-down на этого PGE.;w2;этого;PRON;Animacy=Inan|Case=Gen|Gender=Neut|Number=Sing;dem_p_prox;exophoric
pgb-index-contact-complex-down;PGB-index-contact-simple-down Но вот этот вот в полосатом, он PGE он вспоминает, выговаривает какую-то ситуацию, PGB-index-contact-complex-down которая произошла вот у этого PGE.;w5;этого;PRON;Animacy=Inan|Case=Gen|Gender=Neut|Number=Sing;dem_p_prox;exophoric
pgb-index-contact-simple-down;Эм. PGB-index-nocontact-simple-down Этот больше похож не на брата, а на отца PGE PGB-index-contact-simple-down вот этого мальчика PGE.;w2;этого;PRON;Animacy=Inan|Case=Gen|Gender=Neut|Number=Sing;dem_p_prox;exophoric
pgb-index-nocontact-simple-down;PGB-index-nocontact-simple-down А че он PGE PGB-index-nocontact-simple-down этого не побил PGE, а барышню побил?;w1;этого;PRON;Animacy=Inan|Case=Gen|Gender=Neut|Number=Sing;dem_p_prox;exophoric
pgb-index-contact-simple-vertical;PGB-index-contact-simple-vertical А вот этого не было PGE.;w3;этого;PRON;Animacy=Inan|Case=Gen|Gender=Neut|Number=Sing;dem_p_prox;exophoric
pgb-index-contact-simple-down;Это другой ребенок а это от а это PGB-index-contact-simple-down уже от этого мужика PGE.;w3;этого;PRON;Animacy=Inan|Case=Gen|Gender=Neut|Number=Sing;dem_p_prox;exophoric
pgb-index-nocontact-simple-down;Глаз тоже PGE нет PGB-index-contact-simple-down то есть у нее они PGE прорисованы глаза, а PGB-index-nocontact-simple-down вот у этого PGE у дитя как-то все не понятно.;w3;этого;PRON;Animacy=Inan|Case=Gen|Gender=Neut|Number=Sing;dem_p_prox;exophoric
pgb-index-contact-complex-down;Либо PGB-palm-nocontact-simple-vertical это его друг PGE, PGB-index-contact-complex-down который рассказывает этому PGE парню о том, что PGB-index-contact-simple-down он видел его девушку PGE флиртующей PGB-index-contact-complex-down с другими PGE. PGB-other-nocontact-simple-down И он PGE весь такой, ярость, ярость.;w3;этому;PRON;Animacy=Inan|Case=Dat|Gender=Neut|Number=Sing;dem_p_prox;exophoric
pgb-other-contact-simple-down;Ну да, PGB-other-contact-simple-down он стоит тут PGE. PGB-other-contact-simple-down Там вроде как свобода PGE.;w1;там;ADV;Degree=Pos;loc_adv_dist;exophoric
pgb-other-contact-simple-vertical;Да. PGB-other-contact-simple-vertical Ну смотри, главное этот дедок еще там PGE.;w7;там;ADV;Degree=Pos;loc_adv_dist;exophoric
pgb-palm-nocontact-complex-up;А PGB-palm-nocontact-complex-up мальчику хорошо PGE, PGB-palm-nocontact-complex-up там пальмы PGE.;w1;там;ADV;Degree=Pos;loc_adv_dist;exophoric
pgb-index-nocontact-simple-down;PGB-index-nocontact-simple-down В общем, кого-то из них там PGE нету.;w6;там;ADV;Degree=Pos;loc_adv_dist;exophoric
pgb-palm-nocontact-complex-vertical;Так вот, в PGB-palm-nocontact-complex-vertical Кубе, ты представляешь какая там какой PGE там будет изолятор.;w5;там;ADV;Degree=Pos;loc_adv_dist;exophoric
pgb-palm-contact-simple-down;PGB-index-contact-simple-down То есть там явно то PGE день.;w3;там;ADV;Degree=Pos;loc_adv_dist;exophoric
pgb-other-nocontact-complex-up;Да, PGB-index-nocontact-complex-up мы сейчас узнаем, что там PGE.;w5;там;ADV;Degree=Pos;loc_adv_dist;exophoric
pgb-palm-nocontact-complex-vertical;"Думает, ""так и знал, что это был несогласованный митинг."" ""Они же сказали, что согласованный."" Да, я надеюсь наши данные не будут передаваться PGB-palm-nocontact-complex-vertical туда PGE.";w1;туда;ADV;Degree=Pos;loc_adv_dist;exophoric
pgb-index-nocontact-complex-down;PGB-index-nocontact-complex-down Как он туда попал PGE.;w3;туда;ADV;Degree=Pos;loc_adv_dist;exophoric
pgb-index-contact-complex-down;А, PGB-index-contact-complex-down здесь еще алкоголь присутствует PGE.;w1;здесь;ADV;Degree=Pos;loc_adv_pr;exophoric
pgb-palm-nocontact-simple-up;А PGB-palm-nocontact-simple-up они здесь тоже PGE.;w2;здесь;ADV;Degree=Pos;loc_adv_pr;exophoric
pgb-index-nocontact-simple-down;То есть PGB-index-nocontact-simple-down это здесь PGE.;w2;здесь;ADV;Degree=Pos;loc_adv_pr;exophoric
pgb-index-contact-simple-down;На самом деле, на самом деле, PGB-other-contact-simple-up мне кажется, что это он сидит PGE вот здесь вот, где там этот допрос был, PGB-index-contact-simple-down вот здесь PGE еще, и думает, что PGB-index-contact-simple-down с ним будет в тюрьме PGE.;w2;здесь;ADV;Degree=Pos;loc_adv_pr;exophoric
pgb-other-contact-simple-down;Ну да, PGB-other-contact-simple-down он стоит тут PGE. PGB-other-contact-simple-down Там вроде как свобода PGE.;w3;тут;pron;Degree=Pos;loc_adv_prox;exophoric
pgb-other-contact-simple-down;И PGB-other-contact-simple-down тут PGE камера.;w1;тут;pron;Degree=Pos;loc_adv_prox;exophoric
pgb-index-contact-simple-down;И PGB-index-contact-simple-down ну тут он выглядит старше PGE.;w2;тут;pron;Degree=Pos;loc_adv_prox;exophoric
pgb-index-contact-complex-down;Ну PGB-index-contact-complex-down смотри, тут он PGE шлепки, кстати, носит.;w2;тут;pron;Degree=Pos;loc_adv_prox;exophoric
pgb-other-contact-simple-down;Теперь у него PGB-other-contact-simple-down тут PGE уже страх.;w1;тут;pron;Degree=Pos;loc_adv_prox;exophoric
pgb-index-contact-simple-down;Да, PGB-index-contact-simple-down тут он рассказывает PGE как ему тяжко приходилось.;w1;тут;pron;Degree=Pos;loc_adv_prox;exophoric
pgb-index-nocontact-simple-down;"PGB-index-nocontact-simple-down И тут PGE он говорит ""Но я обрел свет!"" Да, ко мне пришло осознание.";w2;тут;pron;Degree=Pos;loc_adv_prox;exophoric
pgb-index-contact-simple-down;PGB-index-contact-simple-down Вот, у него тут PGE у него какое-то такое выражение лица очень грустное.;w4;тут;pron;Degree=Pos;loc_adv_prox;exophoric
pgb-palm-nocontact-complex-up;Ну да, мне добавить особо нечего, PGB-palm-nocontact-complex-up тут все как бы ясно PGE.;w1;тут;pron;Degree=Pos;loc_adv_prox;exophoric
pgb-other-contact-simple-up;Эм, ну PGB-other-contact-simple-up тут понятно, что он недоволен, потому что у него рука PGE в кулак сжата.;w1;тут;pron;Degree=Pos;loc_adv_prox;exophoric
pgb-index-contact-simple-down;PGB-index-contact-simple-down И тут они тоже сидят в каком-то PGE бунгало.;w2;тут;pron;Degree=Pos;loc_adv_prox;exophoric
pgb-index-contact-simple-down;PGB-index-contact-complex-down Хотя нет, тут валяются уже бутылки PGE, то есть они.;w3;тут;pron;Degree=Pos;loc_adv_prox;exophoric
pgb-index-contact-simple-down;Ребенка PGB-index-contact-simple-down тоже смотри тут PGE. PGB-index-nocontact-simple-down Да.;w3;тут;pron;Degree=Pos;loc_adv_prox;exophoric
pgb-index-nocontact-complex-down;Да, PGB-index-nocontact-complex-down тут явно пропитые PGE физиономии.;w1;тут;pron;Degree=Pos;loc_adv_prox;exophoric
pgb-index-nocontact-simple-vertical;И, собственно, покрышка есть. я говорю, PGB-index-nocontact-complex-down у него больше, чем у меня PGE PGB-index-nocontact-simple-down было, пока PGE PGB-index-nocontact-simple-vertical в общежитии тут PGE жил.;w3;тут;pron;Degree=Pos;loc_adv_prox;exophoric
pgb-index-contact-simple-down;PGB-index-contact-simple-down Слушай, не не, ты права, тут тоже PGE рассерженный глаз.;w6;тут;pron;Degree=Pos;loc_adv_prox;exophoric
pgb-index-contact-simple-down;PGB-index-contact-complex-down Ну то есть, тут то явно прошло как минимум PGE несколько лет, да? Да.;w4;тут;pron;Degree=Pos;loc_adv_prox;exophoric
pgb-index-nocontact-simple-down;Да оба они как-то знаешь, так. PGB-index-nocontact-simple-down Слушай, тут PGE, PGB-index-contact-complex-down ну ладно, тут не понятно.;w2;тут;pron;Degree=Pos;loc_adv_prox;exophoric
pgb-other-nocontact-simple-down;PGB-other-nocontact-simple-down И тут вот дедушка PGE то PGB-index-contact-complex-down тоже самый такой PGE недовольный когда он пришел.;w2;тут;pron;Degree=Pos;loc_adv_prox;exophoric
pgb-index-nocontact-simple-vertical;Да, или на пути. PGB-index-nocontact-simple-vertical Хотя тут он ребенком PGE.;w2;тут;pron;Degree=Pos;loc_adv_prox;exophoric
pgb-palm-contact-simple-down;PGB-palm-contact-simple-down Посмотри, тут уже как-то PGE.;w2;тут;pron;Degree=Pos;loc_adv_prox;exophoric
pgb-index-contact-complex-down;Ну PGB-index-contact-complex-down тут ребенок PGE все портит.;w1;тут;pron;Degree=Pos;loc_adv_prox;exophoric
pgb-index-contact-complex-down;Не, PGB-index-contact-complex-down смотри, вообще вот тут шмотки, которые на нем, выглядят гораздо хуже PGE, чем PGB-index-contact-complex-down то, что ему дают.;w4;тут;pron;Degree=Pos;loc_adv_prox;exophoric
pgb-index-nocontact-simple-vertical;PGB-index-nocontact-simple-vertical Потому что тут видно, что он был недоволен тем, что ему рассказали PGE. PGB-palm-nocontact-simple-vertical А тут он как бы я вижу последствия PGE.;w3;тут;pron;Degree=Pos;loc_adv_prox;exophoric
pgb-palm-nocontact-simple-vertical;PGB-index-nocontact-simple-vertical Потому что тут видно, что он был недоволен тем, что ему рассказали PGE. PGB-palm-nocontact-simple-vertical А тут он как бы я вижу последствия PGE.;w2;тут;pron;Degree=Pos;loc_adv_prox;exophoric
pgb-index-contact-complex-down;Да, PGB-index-contact-complex-down тут он типа, что он там сидел в темной PGE своей камере.;w1;тут;pron;Degree=Pos;loc_adv_prox;exophoric
pgb-palm-nocontact-simple-vertical;Ну PGB-palm-nocontact-simple-vertical хотя бы он PGB-palm-nocontact-complex-down не вижу тут ни нотки раскаяние нигде PGE.;w7;тут;pron;Degree=Pos;loc_adv_prox;exophoric
pgb-index-nocontact-simple-down;PGB-index-nocontact-simple-down Ну тут уже сын есть PGE.;w2;тут;pron;Degree=Pos;loc_adv_prox;exophoric
pgb-index-nocontact-simple-vertical;Хотя PGB-index-contact-complex-down жена то тоже явно PGE, вот то, PGB-index-nocontact-simple-vertical что мы в самом начале сказали PGE, да, PGB-index-nocontact-complex-down что она явно PGE PGB-index-nocontact-complex-down Никто на самом деле не счастлив PGE его видеть то по началу.;w2;мы;PRON;Case=Nom|Number=Plur|Person=1;pp_1st_pl;exophoric
pgb-index-nocontact-complex-down;Как-то это PGB-index-nocontact-complex-down мы можем в единую нормальную картинку PGE сделать?;w1;мы;PRON;Case=Nom|Number=Plur|Person=1;pp_1st_pl;exophoric
pgb-index-nocontact-complex-vertical;PGB-index-nocontact-complex-vertical И мы потом узнаем PGE, PGB-index-nocontact-complex-down что же там случилось PGE.;w2;мы;PRON;Case=Nom|Number=Plur|Person=1;pp_1st_pl;exophoric
pgb-index-nocontact-complex-up;Да, PGB-index-nocontact-complex-up мы сейчас узнаем, что там PGE.;w1;мы;PRON;Case=Nom|Number=Plur|Person=1;pp_1st_pl;exophoric
pgb-index-nocontact-complex-down;И, собственно, покрышка есть. я говорю, PGB-index-nocontact-complex-down у него больше, чем у меня PGE PGB-index-nocontact-simple-down было, пока PGE PGB-index-nocontact-simple-vertical в общежитии тут PGE жил.;w6;меня;PRON;Case=Gen|Number=Sing|Person=1;pp_1st_sg;exophoric
pgb-index-contact-simple-down;Потому что PGB-index-contact-simple-down мне кажется у них PGE PGB-index-contact-complex-down они очень похожи с этим PGE мальчиком.;w1;мне;PRON;Case=Dat|Number=Sing|Person=1;pp_1st_sg;exophoric
pgb-other-nocontact-simple-vertical;Не знаю, PGB-other-nocontact-simple-vertical мне кажется, что PGE она тоже как-то так.;w1;мне;PRON;Case=Dat|Number=Sing|Person=1;pp_1st_sg;exophoric
pgb-index-nocontact-simple-down;Мне мне нравятся, PGB-index-nocontact-simple-down мне нравятся у старичка PGE штанишки.;w1;мне;PRON;Case=Dat|Number=Sing|Person=1;pp_1st_sg;exophoric
pgb-other-nocontact-simple-down;И вот томно улыбался бы, если PGB-other-nocontact-simple-down бы мне выдавали бы одежду PGE.;w2;мне;PRON;Case=Dat|Number=Sing|Person=1;pp_1st_sg;exophoric
pgb-index-nocontact-complex-down;Ну, ну подожди, PGB-index-nocontact-complex-down мне кажется, что он сказал ему что-то PGE, что его разозлило.;w1;мне;PRON;Case=Dat|Number=Sing|Person=1;pp_1st_sg;exophoric
pgb-index-contact-simple-down;Потом, почему-то PGB-index-contact-simple-down мне кажется, что вот этот вот парень PGE вообще не имеет PGB-index-nocontact-complex-down отношения к ним PGE.;w1;мне;PRON;Case=Dat|Number=Sing|Person=1;pp_1st_sg;exophoric
pgb-other-contact-simple-up;На самом деле, на самом деле, PGB-other-contact-simple-up мне кажется, что это он сидит PGE вот здесь вот, где там этот допрос был, PGB-index-contact-simple-down вот здесь PGE еще, и думает, что PGB-index-contact-simple-down с ним будет в тюрьме PGE.;w1;мне;PRON;Case=Dat|Number=Sing|Person=1;pp_1st_sg;exophoric
pgb-palm-contact-complex-down;Вот, теперь PGB-palm-contact-complex-down на самом деле мне интересно, что же у него PGE вызвало такой гнев. А.;w4;мне;PRON;Case=Dat|Number=Sing|Person=1;pp_1st_sg;exophoric
pgb-index-contact-simple-down;PGB-index-contact-simple-down я думаю, что в тюрьме они, наверное, все таки выдают PGE, эм, обувь.;w1;я;PRON;Case=Nom|Number=Sing|Person=1;pp_1st_sg;exophoric
pgb-index-contact-complex-down;Так, PGB-index-contact-complex-down я не знаю, что делает вот этот PGE человек.;w1;я;PRON;Case=Nom|Number=Sing|Person=1;pp_1st_sg;exophoric
pgb-index-contact-complex-down;PGB-index-contact-complex-down Я думаю да PGE.;w1;я;PRON;Case=Nom|Number=Sing|Person=1;pp_1st_sg;exophoric
pgb-other-contact-complex-up;PGB-other-contact-complex-up Я так понимаю, это какие-то друзья PGE.;w1;я;PRON;Case=Nom|Number=Sing|Person=1;pp_1st_sg;exophoric
pgb-palm-nocontact-simple-vertical;PGB-index-nocontact-simple-vertical Потому что тут видно, что он был недоволен тем, что ему рассказали PGE. PGB-palm-nocontact-simple-vertical А тут он как бы я вижу последствия PGE.;w6;я;PRON;Case=Nom|Number=Sing|Person=1;pp_1st_sg;exophoric
pgb-index-nocontact-simple-down;PGB-index-nocontact-simple-down Ты как считаешь PGE? PGB-index-nocontact-simple-down Ты считаешь, что это PGE PGB-index-contact-simple-down он PGE PGB-index-contact-simple-down или это он PGE?;w1;ты;PRON;Case=Nom|Number=Sing|Person=2;pp_2nd;exophoric
pgb-index-nocontact-simple-down;PGB-index-nocontact-simple-down Ты как считаешь PGE? PGB-index-nocontact-simple-down Ты считаешь, что это PGE PGB-index-contact-simple-down он PGE PGB-index-contact-simple-down или это он PGE?;w1;ты;PRON;Case=Nom|Number=Sing|Person=2;pp_2nd;exophoric
pgb-palm-nocontact-complex-vertical;Так вот, в PGB-palm-nocontact-complex-vertical Кубе, ты представляешь какая там какой PGE там будет изолятор.;w2;ты;PRON;Case=Nom|Number=Sing|Person=2;pp_2nd;exophoric
pgb-index-contact-simple-down;PGB-index-contact-simple-down Слушай, не не, ты права, тут тоже PGE рассерженный глаз.;w4;ты;PRON;Case=Nom|Number=Sing|Person=2;pp_2nd;exophoric
pgb-index-contact-complex-down;PGB-index-contact-simple-down В ярости PGE PGB-index-contact-complex-down ты имеешь в виду PGE мужчина, PGB-index-nocontact-simple-down не дедушка PGE? PGB-index-nocontact-simple-down Да, да, да PGE.;w1;ты;PRON;Case=Nom|Number=Sing|Person=2;pp_2nd;exophoric
pgb-index-contact-simple-down;PGB-index-contact-simple-down Что с ним будет PGE.;w3;ним;PRON;Case=Ins|Gender=Masc|Number=Sing|Person=3;pp_pl;exophoric
pgb-index-contact-complex-vertical;Хотя PGB-index-contact-complex-vertical ребенок мог как бы с ним PGE вместе прийти, да, и там встать в сторону, ждать, что- что мама с дедом сделает.;w6;ним;PRON;Case=Ins|Gender=Masc|Number=Sing|Person=3;pp_pl;exophoric
pgb-index-nocontact-complex-down;Потом, почему-то PGB-index-contact-simple-down мне кажется, что вот этот вот парень PGE вообще не имеет PGB-index-nocontact-complex-down отношения к ним PGE.;w3;ним;PRON;Case=Ins|Gender=Masc|Number=Sing|Person=3;pp_pl;exophoric
pgb-index-contact-simple-down;На самом деле, на самом деле, PGB-other-contact-simple-up мне кажется, что это он сидит PGE вот здесь вот, где там этот допрос был, PGB-index-contact-simple-down вот здесь PGE еще, и думает, что PGB-index-contact-simple-down с ним будет в тюрьме PGE.;w2;ним;PRON;Case=Ins|Gender=Masc|Number=Sing|Person=3;pp_pl;exophoric
pgb-index-contact-simple-down;Потому что PGB-index-contact-simple-down мне кажется у них PGE PGB-index-contact-complex-down они очень похожи с этим PGE мальчиком.;w4;них;PRON;Case=Gen|Number=Plur|Person=3;pp_pl;exophoric
pgb-index-nocontact-simple-down;PGB-index-nocontact-simple-down Ну да, на них PGE, да.;w4;них;PRON;Case=Gen|Number=Plur|Person=3;pp_pl;exophoric
pgb-index-nocontact-complex-down;И PGB-index-nocontact-complex-down у них все хорошо PGE.;w2;них;PRON;Case=Gen|Number=Plur|Person=3;pp_pl;exophoric
pgb-index-nocontact-simple-down;PGB-index-nocontact-simple-down В общем, кого-то из них там PGE нету.;w5;них;PRON;Case=Gen|Number=Plur|Person=3;pp_pl;exophoric
pgb-index-nocontact-complex-up;Но PGB-index-nocontact-complex-up мальчик на них смотрит с презрением PGE.;w3;них;PRON;Case=Gen|Number=Plur|Person=3;pp_pl;exophoric
pgb-index-contact-complex-down;Или как еще один вариант, возможно он это блудный сын, который вернулся домой, потому что PGB-index-contact-complex-down они немножко похожи PGE.;w1;они;PRON;Case=Nom|Number=Plur|Person=3;pp_pl;exophoric
pgb-index-contact-complex-down;Потому что PGB-index-contact-simple-down мне кажется у них PGE PGB-index-contact-complex-down они очень похожи с этим PGE мальчиком.;w1;они;PRON;Case=Nom|Number=Plur|Person=3;pp_pl;exophoric
pgb-other-contact-simple-down;PGB-other-contact-simple-down Они видимо уже PGE того.;w1;они;PRON;Case=Nom|Number=Plur|Person=3;pp_pl;exophoric
pgb-index-contact-simple-down;PGB-index-nocontact-simple-down Что либо это PGE PGB его отец PGE, PGB-index-contact-simple-down который рассказывает ему PGB, как PGB-index-contact-complex-down они познакомились с его мамой PGE.;w7;они;PRON;Case=Nom|Number=Plur|Person=3;pp_pl;exophoric
pgb-index-contact-complex-down;Ну я PGB-index-contact-complex-down же говорила, они PGE похожи между собой.;w3;они;PRON;Case=Nom|Number=Plur|Person=3;pp_pl;exophoric
pgb-index-contact-complex-down;PGB-index-contact-complex-down И они полностью одеты PGE PGB-index-contact-complex-down как-бы не понятно во что PGE.;w2;они;PRON;Case=Nom|Number=Plur|Person=3;pp_pl;exophoric
pgb-index-contact-complex-down;PGB-index-contact-simple-down с какой-то женщиной PGE, с которой PGB-index-contact-complex-down они так дружелюбно общаются PGE.;w1;они;PRON;Case=Nom|Number=Plur|Person=3;pp_pl;exophoric
pgb-index-nocontact-simple-down;Ну в общем PGB-index-nocontact-simple-down они дают показания PGE.;w1;они;PRON;Case=Nom|Number=Plur|Person=3;pp_pl;exophoric
pgb-index-contact-complex-down;PGB-index-contact-complex-down Вот они идут по улице PGE.;w2;они;PRON;Case=Nom|Number=Plur|Person=3;pp_pl;exophoric
pgb-index-nocontact-complex-vertical;Вот PGB-index-nocontact-complex-vertical они недовольны PGE, да, что он пришел.;w1;они;PRON;Case=Nom|Number=Plur|Person=3;pp_pl;exophoric
pgb-other-nocontact-complex-up;Вот, PGB-other-nocontact-simple-up и они PGE как это называется пьют.;w2;они;PRON;Case=Nom|Number=Plur|Person=3;pp_pl;exophoric
pgb-index-contact-complex-down;PGB-index-contact-simple-down И тут они тоже сидят в каком-то PGE бунгало.;w3;они;PRON;Case=Nom|Number=Plur|Person=3;pp_pl;exophoric
pgb-palm-nocontact-simple-up;Да, PGB-index-nocontact-simple-down он еще PGE не. PGB-palm-nocontact-simple-up Они пока еще только начали PGE.;w1;они;PRON;Case=Nom|Number=Plur|Person=3;pp_pl;exophoric
pgb-index-nocontact-complex-down;Ну они ну PGB-index-nocontact-complex-down они поняла, они вот напились PGE.;w1;они;PRON;Case=Nom|Number=Plur|Person=3;pp_pl;exophoric
pgb-index-nocontact-complex-down;Ну они ну PGB-index-nocontact-complex-down они поняла, они вот напились PGE.;w3;они;PRON;Case=Nom|Number=Plur|Person=3;pp_pl;exophoric
pgb-index-contact-complex-down;Смотри, они PGB-index-contact-complex-down это они PGE собрали и PGB-index-contact-simple-down идут продавать PGE, наверное, да?;w2;они;PRON;Case=Nom|Number=Plur|Person=3;pp_pl;exophoric
pgb-index-nocontact-simple-vertical;PGB-index-nocontact-simple-vertical Они думают PGE, блин, скалится.;w1;они;PRON;Case=Nom|Number=Plur|Person=3;pp_pl;exophoric
pgb-palm-nocontact-simple-down;PGB-palm-nocontact-simple-down Они такие не довольные PGE.;w1;они;PRON;Case=Nom|Number=Plur|Person=3;pp_pl;exophoric
pgb-index-nocontact-complex-down;PGB-index-nocontact-complex-down Они же его и подставили PGE, чтобы понимаешь там.;w1;они;PRON;Case=Nom|Number=Plur|Person=3;pp_pl;exophoric
pgb-palm-nocontact-complex-vertical;И PGB-palm-nocontact-complex-vertical вот они предлагают PGE предлагают закутить, да.;w2;они;PRON;Case=Nom|Number=Plur|Person=3;pp_pl;exophoric
pgb-index-contact-complex-down;Глаз тоже PGE нет PGB-index-contact-simple-down то есть у нее они PGE прорисованы глаза, а PGB-index-nocontact-simple-down вот у этого PGE у дитя как-то все не понятно.;w5;они;PRON;Case=Nom|Number=Plur|Person=3;pp_pl;exophoric
pgb-other-nocontact-simple-up;Ну как бы, и PGB-other-nocontact-simple-up он единственный как ну кто PGE у кого PGB-other-nocontact-simple-up эмоции счастливые PGE. PGB-other-nocontact-simple-up Они как-то, ну PGE.;w1;они;PRON;Case=Nom|Number=Plur|Person=3;pp_pl;exophoric
pgb-palm-nocontact-simple-up;А PGB-palm-nocontact-simple-up они здесь тоже PGE.;w1;они;PRON;Case=Nom|Number=Plur|Person=3;pp_pl;exophoric
pgb-index-contact-complex-down;PGB-index-contact-simple-down После вот этой картинки оно совсем пропало PGE.;w5;оно;PRON;Case=Nom|Gender=Neut|Number=Sing|Person=3;pp_pl;exophoric
pgb-iindex-contact-complex-down;PGB-index-contact-simple-down И это этот парень PGE который, PGB-index-contact-simple-down наверное, в тюрьму и попал PGE за то, что PGB-iindex-contact-complex-down он избил ее PGE.;w3;ее;ADV;Degree=Cmp;pp_sg;exophoric
pgb-index-nocontact-simple-down;PGB-index-nocontact-simple-down Он PGE, PGB-index-nocontact-simple-down наверное, ее ударил за PGE то, что она ему изменила.;w2;ее;ADV;Degree=Cmp;pp_sg;exophoric
pgb-index-contact-simple-down;Ну да, PGB-index-contact-complex-down ну это явно до PGE, потому что все таки PGB-index-contact-simple-down он ее PGE ударил.;w2;ее;ADV;Degree=Cmp;pp_sg;exophoric
pgb-index-contact-simple-down;PGB-index-contact-simple-down Это жертва, она рассказывает PGE, как PGB-index-contact-simple-down ее били PGE.;w1;ее;ADV;Degree=Cmp;pp_sg;exophoric
pgb-other-nocontact-complex-up;PGB-other-nocontact-complex-up Ну то есть тут видно PGE, PGB-other-nocontact-simple-up он PGE PGB-other-nocontact-complex-up обвиняет ее в том PGE, что PGB-index-nocontact-complex-up она сильно мила к нему PGE была.;w2;ее;ADV;Degree=Cmp;pp_sg;exophoric
pgb-index-contact-simple-down;Хотя он PGB-index-contact-simple-down мог ее уронить PGE после того, как полицейские пришли.;w2;ее;ADV;Degree=Cmp;pp_sg;exophoric
pgb-other-nocontact-simple-down;"А! Да, видишь, эта та ситуация, что PGB-other-nocontact-simple-down он ей PGE рассказывает: ""Да мне корешь сказал!"" ""Да братан же сказал типа, PGB-index-contact-simple-down что PGE ты вот."" PGB-other-nocontact-simple-vertical Видишь PGE.";w2;ей;PRON;Case=Dat|Gender=Fem|Number=Sing|Person=3;pp_sg;exophoric
pgb-index-nocontact-complex-down;PGB-index-nocontact-complex-down А жена не сделала PGE, PGB-index-nocontact-complex-down поэтому когда он вышел PGE, PGB-index-nocontact-complex-down он пошел напрямую ей морду PGE бить.;w4;ей;PRON;Case=Dat|Gender=Fem|Number=Sing|Person=3;pp_sg;exophoric
pgb-index-contact-simple-down;PGB-index-nocontact-simple-down Что либо это PGE PGB его отец PGE, PGB-index-contact-simple-down который рассказывает ему PGB, как PGB-index-contact-complex-down они познакомились с его мамой PGE.;w3;ему;PRON;Case=Dat|Gender=Masc|Number=Sing|Person=3;pp_sg;exophoric
pgb-index-contact-simple-down;PGB-index-contact-simple-down И рассказывает ему историю их знакомства PGE и PGB-index-contact-simple-down ему что-то не нравится PGE.;w3;ему;PRON;Case=Dat|Gender=Masc|Number=Sing|Person=3;pp_sg;exophoric
pgb-index-contact-simple-down;PGB-index-contact-simple-down И рассказывает ему историю их знакомства PGE и PGB-index-contact-simple-down ему что-то не нравится PGE.;w1;ему;PRON;Case=Dat|Gender=Masc|Number=Sing|Person=3;pp_sg;exophoric
pgb-index-contact-simple-down;Да, другой стороны, может быть он только он как бы смирился с тем, PGB-index-contact-simple-down ему сейчас выдают PGE и PGB-index-contact-simple-down он как раз наоборот PGE в тюрьму.;w1;ему;PRON;Case=Dat|Gender=Masc|Number=Sing|Person=3;pp_sg;exophoric
pgb-palm-contact-complex-vertical;Мы не знаем кто это. PGB-palm-contact-simple-vertical Да, в общем он пришел домой после PGE PGB-palm-contact-complex-vertical того как ему на пьянке рассказали PGE, PGB-palm-nocontact-complex-vertical что видели его жену PGE. PGB-palm-nocontact-complex-vertical Что она с кем-то общалась PGE. PGB-palm-contact-simple-vertical Очень дружелюбно.;w3;ему;PRON;Case=Dat|Gender=Masc|Number=Sing|Person=3;pp_sg;exophoric
pgb-other-contact-simple-up;PGB-other-contact-simple-up Вот это его там кусок хлеба, который ему дали PGE.;w8;ему;PRON;Case=Dat|Gender=Masc|Number=Sing|Person=3;pp_sg;exophoric
pgb-other-nocontact-simple-up;Ну PGB-other-nocontact-simple-up ему плохо PGE.;w1;ему;PRON;Case=Dat|Gender=Masc|Number=Sing|Person=3;pp_sg;exophoric
pgb-index-nocontact-simple-down;PGB-index-nocontact-simple-down Это он рассказывает то, что ему этот мужик рассказал PGE.;w6;ему;PRON;Case=Dat|Gender=Masc|Number=Sing|Person=3;pp_sg;exophoric
pgb-palm-nocontact-simple-down;PGB-palm-nocontact-simple-down И выдали ему PGE одежду.;w3;ему;PRON;Case=Dat|Gender=Masc|Number=Sing|Person=3;pp_sg;exophoric
pgb-index-nocontact-complex-down;Ну, ну подожди, PGB-index-nocontact-complex-down мне кажется, что он сказал ему что-то PGE, что его разозлило.;w6;ему;PRON;Case=Dat|Gender=Masc|Number=Sing|Person=3;pp_sg;exophoric
pgb-index-nocontact-simple-down;Мне PGB-index-nocontact-simple-down кажется, он ему рассказал PGE что-то про его девушку, или что-то такое.;w3;ему;PRON;Case=Dat|Gender=Masc|Number=Sing|Person=3;pp_sg;exophoric
pgb-index-nocontact-simple-down;Как видимо много PGB-index-nocontact-simple-down ему думать PGE пришлось о своем поведении.;w1;ему;PRON;Case=Dat|Gender=Masc|Number=Sing|Person=3;pp_sg;exophoric
pgb-index-nocontact-simple-down;И они будут PGB-index-nocontact-simple-down ему счастливы PGE.;w1;ему;PRON;Case=Dat|Gender=Masc|Number=Sing|Person=3;pp_sg;exophoric
pgb-index-contact-simple-down;То есть PGE PGB-index-contact-simple-down и PGE PGB-index-contact-complex-down собственно вопрос в том, что PGE, похоже, PGB-index-contact-simple-down ему выдают эти вещи сейчас PGE.;w1;ему;PRON;Case=Dat|Gender=Masc|Number=Sing|Person=3;pp_sg;exophoric
pgb-palm-contact-simple-up;Не, PGB-palm-contact-simple-up может быть ему обратно PGE выдают просто то что он сдавал, когда.;w3;ему;PRON;Case=Dat|Gender=Masc|Number=Sing|Person=3;pp_sg;exophoric
pgb-index-contact-complex-down;Нет, тут PGB-index-contact-simple-down смотри, вот этот PGE PGB-index-contact-complex-down чувак ему говорит о том, что PGE PGB-index-contact-simple-down он якобы там PGE, PGB-index-nocontact-complex-down что эта девушка PGE.;w2;ему;PRON;Case=Dat|Gender=Masc|Number=Sing|Person=3;pp_sg;exophoric
pgb-index-nocontact-simple-vertical;PGB-index-nocontact-simple-vertical Потому что тут видно, что он был недоволен тем, что ему рассказали PGE. PGB-palm-nocontact-simple-vertical А тут он как бы я вижу последствия PGE.;w11;ему;PRON;Case=Dat|Gender=Masc|Number=Sing|Person=3;pp_sg;exophoric
pgb-index-contact-simple-down;PGB-index-contact-simple-down Ну слушай, интересно, это картинка такая хреновая, или он ему реально глаз че-то сделал PGE.;w10;ему;PRON;Case=Dat|Gender=Masc|Number=Sing|Person=3;pp_sg;exophoric
pgb-index-nocontact-simple-down;Чтобы избавиться PGB-index-nocontact-simple-down от него PGE, чтобы PGB-index-nocontact-complex-vertical она могла быть счастлива PGE другим мужчиной?;w2;него;PRON;Case=Gen|Gender=Masc|Number=Sing|Person=3;pp_sg;exophoric
pgb-index-contact-simple-down;Там PGB-index-contact-simple-down у него было отрицание PGE.;w2;него;PRON;Case=Gen|Gender=Masc|Number=Sing|Person=3;pp_sg;exophoric
pgb-index-contact-simple-down;PGB-index-contact-simple-down Вот, у него тут PGE у него какое-то такое выражение лица очень грустное.;w3;него;PRON;Case=Gen|Gender=Masc|Number=Sing|Person=3;pp_sg;exophoric
pgb-index-contact-simple-down;PGB-index-contact-simple-down Вот у него в руках PGE фляжка.;w3;него;PRON;Case=Gen|Gender=Masc|Number=Sing|Person=3;pp_sg;exophoric
pgb-index-contact-simple-down;Вот, PGB-index-contact-simple-down вот да, котомка у него PGE за плечами.;w5;него;PRON;Case=Gen|Gender=Masc|Number=Sing|Person=3;pp_sg;exophoric
pgb-other-contact-simple-up;Эм, ну PGB-other-contact-simple-up тут понятно, что он недоволен, потому что у него рука PGE в кулак сжата.;w9;него;PRON;Case=Gen|Gender=Masc|Number=Sing|Person=3;pp_sg;exophoric
pgb-index-contact-simple-down;Да. PGB-index-contact-simple-down При чем у него какая-то PGE рубашка странная, залатаная.;w4;него;PRON;Case=Gen|Gender=Masc|Number=Sing|Person=3;pp_sg;exophoric
pgb-index-nocontact-complex-vertical;PGB-index-nocontact-complex-vertical И одежда у него PGE такая же PGB-index-contact-simple-up как и на той картинке PGE.;w4;него;PRON;Case=Gen|Gender=Masc|Number=Sing|Person=3;pp_sg;exophoric
pgb-index-contact-complex-down;Ну слушай, PGB-index-contact-simple-down ну допустим PGE, PGB-index-contact-complex-down что у него PGE.;w3;него;PRON;Case=Gen|Gender=Masc|Number=Sing|Person=3;pp_sg;exophoric
pgb-index-nocontact-complex-down;И, собственно, покрышка есть. я говорю, PGB-index-nocontact-complex-down у него больше, чем у меня PGE PGB-index-nocontact-simple-down было, пока PGE PGB-index-nocontact-simple-vertical в общежитии тут PGE жил.;w2;него;PRON;Case=Gen|Gender=Masc|Number=Sing|Person=3;pp_sg;exophoric
pgb-index-contact-simple-down;А PGB-index-contact-simple-down вот у него хвостик PGE, у него хвостик.;w3;него;PRON;Case=Gen|Gender=Masc|Number=Sing|Person=3;pp_sg;exophoric
pgb-index-nocontact-simple-down;PGB-index-nocontact-simple-down Ну смотри, у него PGE PGB-index-nocontact-complex-vertical с одной стороны покорное PGE выражение лица, но с другой стороны скажем так, такая сдавленная улыбка.;w4;него;PRON;Case=Gen|Gender=Masc|Number=Sing|Person=3;pp_sg;exophoric
pgb-other-nocontact-complex-vertical;Но как бы PGB-other-nocontact-complex-vertical у него нет ни злость на лице PGE, а какой-то типа.;w2;него;PRON;Case=Gen|Gender=Masc|Number=Sing|Person=3;pp_sg;exophoric
pgb-palm-contact-complex-down;Вот, теперь PGB-palm-contact-complex-down на самом деле мне интересно, что же у него PGE вызвало такой гнев. А.;w9;него;PRON;Case=Gen|Gender=Masc|Number=Sing|Person=3;pp_sg;exophoric
pgb-index-contact-simple-down;Вот, да, PGB-index-contact-simple-down потом подала на него PGE еще.;w4;него;PRON;Case=Gen|Gender=Masc|Number=Sing|Person=3;pp_sg;exophoric
pgb-palm-nocontact-simple-vertical;Он PGE PGB-palm-nocontact-simple-vertical начал на нее PGE кричать.;w3;нее;PRON;Case=Acc|Gender=Fem|Number=Sing|Person=3;pp_sg;exophoric
pgb-index-contact-simple-down;Глаз тоже PGE нет PGB-index-contact-simple-down то есть у нее они PGE прорисованы глаза, а PGB-index-nocontact-simple-down вот у этого PGE у дитя как-то все не понятно.;w4;нее;PRON;Case=Acc|Gender=Fem|Number=Sing|Person=3;pp_sg;exophoric
pgb-index-nocontact-complex-up;PGB-other-nocontact-complex-up Ну то есть тут видно PGE, PGB-other-nocontact-simple-up он PGE PGB-other-nocontact-complex-up обвиняет ее в том PGE, что PGB-index-nocontact-complex-up она сильно мила к нему PGE была.;w5;нему;PRON;Case=Dat|Gender=Masc|Number=Sing|Person=3;pp_sg;exophoric
pgb-other-contact-simple-down;Ну да, PGB-other-contact-simple-down он стоит тут PGE. PGB-other-contact-simple-down Там вроде как свобода PGE.;w1;он;PRON;Case=Nom|Gender=Masc|Number=Sing|Person=3;pp_sg;exophoric
pgb-index-contact-simple-down;PGB-index-contact-simple-down Потому что он похож PGE PGB-index-contact-simple-down на этого PGE.;w3;он;PRON;Case=Nom|Gender=Masc|Number=Sing|Person=3;pp_sg;exophoric
pgb-index-contact-simple-down;И PGB-index-contact-simple-down ну тут он выглядит старше PGE.;w3;он;PRON;Case=Nom|Gender=Masc|Number=Sing|Person=3;pp_sg;exophoric
pgb-index-contact-simple-down;Либо PGB-palm-nocontact-simple-vertical это его друг PGE, PGB-index-contact-complex-down который рассказывает этому PGE парню о том, что PGB-index-contact-simple-down он видел его девушку PGE флиртующей PGB-index-contact-complex-down с другими PGE. PGB-other-nocontact-simple-down И он PGE весь такой, ярость, ярость.;w1;он;PRON;Case=Nom|Gender=Masc|Number=Sing|Person=3;pp_sg;exophoric
pgb-other-nocontact-simple-down;Либо PGB-palm-nocontact-simple-vertical это его друг PGE, PGB-index-contact-complex-down который рассказывает этому PGE парню о том, что PGB-index-contact-simple-down он видел его девушку PGE флиртующей PGB-index-contact-complex-down с другими PGE. PGB-other-nocontact-simple-down И он PGE весь такой, ярость, ярость.;w2;он;PRON;Case=Nom|Gender=Masc|Number=Sing|Person=3;pp_sg;exophoric
pgb-index-contact-simple-down;"Ну в общем PGB-index-nocontact-simple-vertical ну видишь PGE, PGB-index-contact-simple-down он так смотрит PGE, типа, ""Это вы что, ему обо мне рассказывает[]""? PGB-index-contact-complex-vertical Видишь, он это PGE он тут подозрительный, подозрительный.";w1;он;PRON;Case=Nom|Gender=Masc|Number=Sing|Person=3;pp_sg;exophoric
pgb-index-contact-complex-vertical;"Ну в общем PGB-index-nocontact-simple-vertical ну видишь PGE, PGB-index-contact-simple-down он так смотрит PGE, типа, ""Это вы что, ему обо мне рассказывает[]""? PGB-index-contact-complex-vertical Видишь, он это PGE он тут подозрительный, подозрительный.";w2;он;PRON;Case=Nom|Gender=Masc|Number=Sing|Person=3;pp_sg;exophoric
pgb-index-contact-simple-down;PGB-index-contact-simple-down И это этот парень PGE который, PGB-index-contact-simple-down наверное, в тюрьму и попал PGE за то, что PGB-iindex-contact-complex-down он избил ее PGE.;w1;он;PRON;Case=Nom|Gender=Masc|Number=Sing|Person=3;pp_sg;exophoric
pgb-index-nocontact-simple-down;PGB-index-nocontact-simple-down Он PGE, PGB-index-nocontact-simple-down наверное, ее ударил за PGE то, что она ему изменила.;w1;он;PRON;Case=Nom|Gender=Masc|Number=Sing|Person=3;pp_sg;exophoric
pgb-other-contact-simple-down;PGB-other-contact-simple-down Это он и PGE пацаненок уже взрослый.;w2;он;PRON;Case=Nom|Gender=Masc|Number=Sing|Person=3;pp_sg;exophoric
pgb-index-contact-complex-down;Ну PGB-index-contact-complex-down смотри, тут он PGE шлепки, кстати, носит.;w3;он;PRON;Case=Nom|Gender=Masc|Number=Sing|Person=3;pp_sg;exophoric
pgb-index-nocontact-simple-down;PGB-index-nocontact-simple-down Видишь, он PGE тоже в защитной позе.;w2;он;PRON;Case=Nom|Gender=Masc|Number=Sing|Person=3;pp_sg;exophoric
pgb-index-contact-simple-down;Ну да, PGB-index-contact-complex-down ну это явно до PGE, потому что все таки PGB-index-contact-simple-down он ее PGE ударил.;w1;он;PRON;Case=Nom|Gender=Masc|Number=Sing|Person=3;pp_sg;exophoric
pgb-index-contact-simple-down;Да, PGB-index-contact-simple-down тут он рассказывает PGE как ему тяжко приходилось.;w2;он;PRON;Case=Nom|Gender=Masc|Number=Sing|Person=3;pp_sg;exophoric
pgb-other-nocontact-simple-down;"А! Да, видишь, эта та ситуация, что PGB-other-nocontact-simple-down он ей PGE рассказывает: ""Да мне корешь сказал!"" ""Да братан же сказал типа, PGB-index-contact-simple-down что PGE ты вот."" PGB-other-nocontact-simple-vertical Видишь PGE.";w1;он;PRON;Case=Nom|Gender=Masc|Number=Sing|Person=3;pp_sg;exophoric
pgb-index-contact-simple-down;PGB-index-contact-simple-down Он может, PGE ну, PGB-index-contact-complex-down как бомж слегка PGE.;w1;он;PRON;Case=Nom|Gender=Masc|Number=Sing|Person=3;pp_sg;exophoric
pgb-index-contact-simple-down;Да, другой стороны, может быть он только он как бы смирился с тем, PGB-index-contact-simple-down ему сейчас выдают PGE и PGB-index-contact-simple-down он как раз наоборот PGE в тюрьму.;w1;он;PRON;Case=Nom|Gender=Masc|Number=Sing|Person=3;pp_sg;exophoric
pgb-index-nocontact-simple-down;PGB-index-nocontact-simple-down Это он PGE.;w2;он;PRON;Case=Nom|Gender=Masc|Number=Sing|Person=3;pp_sg;exophoric
pgb-index-contact-simple-down;Окей, у меня PGB-index-contact-simple-down предположение одно PGE, что это, PGB-index-contact-simple-down что это что он PGE говорит, что PGB-index-contact-simple-down это его девушка PGE.;w4;он;PRON;Case=Nom|Gender=Masc|Number=Sing|Person=3;pp_sg;exophoric
pgb-index-contact-simple-down;PGB-index-nocontact-simple-down Ты как считаешь PGE? PGB-index-nocontact-simple-down Ты считаешь, что это PGE PGB-index-contact-simple-down он PGE PGB-index-contact-simple-down или это он PGE?;w1;он;PRON;Case=Nom|Gender=Masc|Number=Sing|Person=3;pp_sg;exophoric
pgb-index-contact-simple-down;PGB-index-nocontact-simple-down Ты как считаешь PGE? PGB-index-nocontact-simple-down Ты считаешь, что это PGE PGB-index-contact-simple-down он PGE PGB-index-contact-simple-down или это он PGE?;w3;он;PRON;Case=Nom|Gender=Masc|Number=Sing|Person=3;pp_sg;exophoric
pgb-index-contact-simple-dow;PGB-index-contact-simple-dow Он отказывается от алкоголя PGE.;w1;он;PRON;Case=Nom|Gender=Masc|Number=Sing|Person=3;pp_sg;exophoric
pgb-index-nocontact-complex-down;И PGB-index-nocontact-complex-down он не хочет уже с этими людьми вообще PGE ничего иметь общего.;w1;он;PRON;Case=Nom|Gender=Masc|Number=Sing|Person=3;pp_sg;exophoric
pgb-index-contact-simple-down;О принятии всего PGE, PGB-index-contact-simple-down как он PGE.;w2;он;PRON;Case=Nom|Gender=Masc|Number=Sing|Person=3;pp_sg;exophoric
pgb-palm-contact-simple-down;PGB-palm-contact-simple-down Вот этот человек, он PGE.;w4;он;PRON;Case=Nom|Gender=Masc|Number=Sing|Person=3;pp_sg;exophoric
pgb-index-contact-simple-down;PGB-index-contact-simple-down Но вот этот вот в полосатом, он PGE он вспоминает, выговаривает какую-то ситуацию, PGB-index-contact-complex-down которая произошла вот у этого PGE.;w7;он;PRON;Case=Nom|Gender=Masc|Number=Sing|Person=3;pp_sg;exophoric
pgb-palm-nocontact-simple-up;Да, PGB-palm-nocontact-simple-up либо вот он думает PGE, что я вот буду за решеткой сидеть.;w3;он;PRON;Case=Nom|Gender=Masc|Number=Sing|Person=3;pp_sg;exophoric
pgb-index-contact-simple-down;PGB-index-contact-simple-down Или он думает PGE, что его там будут бить.;w2;он;PRON;Case=Nom|Gender=Masc|Number=Sing|Person=3;pp_sg;exophoric
pgb-other-contact-simple-down;Слушай, это жена его! PGB-other-contact-simple-down Это его жена, которую он побил PGE! А, ну да.;w5;он;PRON;Case=Nom|Gender=Masc|Number=Sing|Person=3;pp_sg;exophoric
pgb-palm-contact-simple-vertical;Мы не знаем кто это. PGB-palm-contact-simple-vertical Да, в общем он пришел домой после PGE PGB-palm-contact-complex-vertical того как ему на пьянке рассказали PGE, PGB-palm-nocontact-complex-vertical что видели его жену PGE. PGB-palm-nocontact-complex-vertical Что она с кем-то общалась PGE. PGB-palm-contact-simple-vertical Очень дружелюбно.;w4;он;PRON;Case=Nom|Gender=Masc|Number=Sing|Person=3;pp_sg;exophoric
pgb-palm-contact-simple-down;Вот смотри, было бы круто если бы. PGB-palm-contact-simple-down Он мечтает, что его встречают PGE.;w1;он;PRON;Case=Nom|Gender=Masc|Number=Sing|Person=3;pp_sg;exophoric
pgb-other-contact-simple-up;Эм, ну PGB-other-contact-simple-up тут понятно, что он недоволен, потому что у него рука PGE в кулак сжата.;w4;он;PRON;Case=Nom|Gender=Masc|Number=Sing|Person=3;pp_sg;exophoric
pgb-index-nocontact-simple-down;PGB-index-nocontact-simple-down А че он PGE PGB-index-nocontact-simple-down этого не побил PGE, а барышню побил?;w3;он;PRON;Case=Nom|Gender=Masc|Number=Sing|Person=3;pp_sg;exophoric
pgb-index-nocontact-simple-down;Да, PGB-index-nocontact-simple-down он еще PGE не. PGB-palm-nocontact-simple-up Они пока еще только начали PGE.;w1;он;PRON;Case=Nom|Gender=Masc|Number=Sing|Person=3;pp_sg;exophoric
pgb-index-contact-simple-vertical;PGB-index-contact-simple-vertical Точно, смотри, он боится PGE.;w3;он;PRON;Case=Nom|Gender=Masc|Number=Sing|Person=3;pp_sg;exophoric
pgb-index-nocontact-complex-vertical;PGB-index-nocontact-complex-vertical Значит он сразу же PGE пойдет к своей семье.;w2;он;PRON;Case=Nom|Gender=Masc|Number=Sing|Person=3;pp_sg;exophoric
pgb-index-nocontact-simple-down;PGB-index-nocontact-simple-down Это он рассказывает то, что ему этот мужик рассказал PGE.;w2;он;PRON;Case=Nom|Gender=Masc|Number=Sing|Person=3;pp_sg;exophoric
pgb-other-nocontact-simple-up;PGB-other-nocontact-complex-up Ну то есть тут видно PGE, PGB-other-nocontact-simple-up он PGE PGB-other-nocontact-complex-up обвиняет ее в том PGE, что PGB-index-nocontact-complex-up она сильно мила к нему PGE была.;w1;он;PRON;Case=Nom|Gender=Masc|Number=Sing|Person=3;pp_sg;exophoric
pgb-index-nocontact-simple-up;PGB-index-nocontact-simple-up А вот он PGE не белый.;w3;он;PRON;Case=Nom|Gender=Masc|Number=Sing|Person=3;pp_sg;exophoric
pgb-index-nocontact-simple-down;Ну скорее всего PGB-index-nocontact-simple-down он не говорит на их PGE языке.;w1;он;PRON;Case=Nom|Gender=Masc|Number=Sing|Person=3;pp_sg;exophoric
pgb-palm-contact-complex-down;Ну понятно, да, подобрали PGE. PGB-palm-contact-complex-down И он отсидел в обезъяннике PGE ночь.;w2;он;PRON;Case=Nom|Gender=Masc|Number=Sing|Person=3;pp_sg;exophoric
pgb-palm-contact-simple-down;Что это PGE если PGB-palm-contact-simple-down он вышел из тюрьмы PGE. PGB-other-contact-simple-down А это он отсидел PGE.;w1;он;PRON;Case=Nom|Gender=Masc|Number=Sing|Person=3;pp_sg;exophoric
pgb-other-contact-simple-down;Что это PGE если PGB-palm-contact-simple-down он вышел из тюрьмы PGE. PGB-other-contact-simple-down А это он отсидел PGE.;w3;он;PRON;Case=Nom|Gender=Masc|Number=Sing|Person=3;pp_sg;exophoric
pgb-index-nocontact-complex-down;Ну, ну подожди, PGB-index-nocontact-complex-down мне кажется, что он сказал ему что-то PGE, что его разозлило.;w4;он;PRON;Case=Nom|Gender=Masc|Number=Sing|Person=3;pp_sg;exophoric
pgb-index-nocontact-simple-down;Мне PGB-index-nocontact-simple-down кажется, он ему рассказал PGE что-то про его девушку, или что-то такое.;w2;он;PRON;Case=Nom|Gender=Masc|Number=Sing|Person=3;pp_sg;exophoric
pgb-index-nocontact-simple-down;"Это PGB-index-nocontact-simple-down потом это он потом так PGE типа ""by the way"", да.";w3;он;PRON;Case=Nom|Gender=Masc|Number=Sing|Person=3;pp_sg;exophoric
pgb-index-nocontact-complex-down;При этом он совершенно не PGB-index-nocontact-complex-down думает о том, что он PGE сделал женой, и правда.;w5;он;PRON;Case=Nom|Gender=Masc|Number=Sing|Person=3;pp_sg;exophoric
pgb-index-contact-complex-down;PGB-index-contact-complex-down Но он однозначно PGE так или иначе использовал бутылку, PGB-index-nocontact-simple-down потому что PGE.;w2;он;PRON;Case=Nom|Gender=Masc|Number=Sing|Person=3;pp_sg;exophoric
pgb-index-nocontact-complex-down;Любопытно, что он по том PGB-index-nocontact-complex-down судя по тому, что он PGE рассказывает, он не пытается извиниться.;w5;он;PRON;Case=Nom|Gender=Masc|Number=Sing|Person=3;pp_sg;exophoric
pgb-palm-nocontact-complex-down;Не, он даже на самом деле ощущение, что PGB-palm-nocontact-complex-down он даже не понимает о том, что он натворил, да PGE.;w1;он;PRON;Case=Nom|Gender=Masc|Number=Sing|Person=3;pp_sg;exophoric
pgb-palm-nocontact-complex-down;Не, он даже на самом деле ощущение, что PGB-palm-nocontact-complex-down он даже не понимает о том, что он натворил, да PGE.;w8;он;PRON;Case=Nom|Gender=Masc|Number=Sing|Person=3;pp_sg;exophoric
pgb-index-nocontact-complex-down;PGB-index-nocontact-complex-down А жена не сделала PGE, PGB-index-nocontact-complex-down поэтому когда он вышел PGE, PGB-index-nocontact-complex-down он пошел напрямую ей морду PGE бить.;w3;он;PRON;Case=Nom|Gender=Masc|Number=Sing|Person=3;pp_sg;exophoric
pgb-index-nocontact-complex-down;PGB-index-nocontact-complex-down А жена не сделала PGE, PGB-index-nocontact-complex-down поэтому когда он вышел PGE, PGB-index-nocontact-complex-down он пошел напрямую ей морду PGE бить.;w1;он;PRON;Case=Nom|Gender=Masc|Number=Sing|Person=3;pp_sg;exophoric
pgb-palm-contact-simple-up;Это как-то странно PGE, то есть он. PGB-palm-contact-simple-up Он пришел PGE, PGB-index-nocontact-complex-down потом ушел PGE как бы, да.;w1;он;PRON;Case=Nom|Gender=Masc|Number=Sing|Person=3;pp_sg;exophoric
pgb-index-nocontact-simple-vertical;Да, или на пути. PGB-index-nocontact-simple-vertical Хотя тут он ребенком PGE.;w3;он;PRON;Case=Nom|Gender=Masc|Number=Sing|Person=3;pp_sg;exophoric
pgb-palm-contact-simple-down;То есть как бы PGB-palm-contact-simple-down он там вышел PGE.;w1;он;PRON;Case=Nom|Gender=Masc|Number=Sing|Person=3;pp_sg;exophoric
pgb-other-nocontact-simple-up;Ну как бы, и PGB-other-nocontact-simple-up он единственный как ну кто PGE у кого PGB-other-nocontact-simple-up эмоции счастливые PGE. PGB-other-nocontact-simple-up Они как-то, ну PGE.;w1;он;PRON;Case=Nom|Gender=Masc|Number=Sing|Person=3;pp_sg;exophoric
pgb-index-contact-simple-down;PGB-index-contact-simple-down Так нет, смотри, это реально он PGE.;w6;он;PRON;Case=Nom|Gender=Masc|Number=Sing|Person=3;pp_sg;exophoric
pgb-index-nocontact-complex-down;PGB-index-nocontact-complex-down Как он туда попал PGE.;w2;он;PRON;Case=Nom|Gender=Masc|Number=Sing|Person=3;pp_sg;exophoric
pgb-index-contact-simple-down;Нет, тут PGB-index-contact-simple-down смотри, вот этот PGE PGB-index-contact-complex-down чувак ему говорит о том, что PGE PGB-index-contact-simple-down он якобы там PGE, PGB-index-nocontact-complex-down что эта девушка PGE.;w1;он;PRON;Case=Nom|Gender=Masc|Number=Sing|Person=3;pp_sg;exophoric
pgb-index-nocontact-simple-down;Что PGB-index-contact-simple-down его разозлило PGE, PGB-index-nocontact-simple-down потому что он явно тоже недоволен PGE.;w3;он;PRON;Case=Nom|Gender=Masc|Number=Sing|Person=3;pp_sg;exophoric
pgb-index-contact-simple-down;PGB-index-contact-simple-down может быть он самый PGE PGB-index-nocontact-simple-down молодой здесь, не знаю.;w3;он;PRON;Case=Nom|Gender=Masc|Number=Sing|Person=3;pp_sg;exophoric
pgb-index-nocontact-simple-vertical;PGB-index-nocontact-simple-vertical Потому что тут видно, что он был недоволен тем, что ему рассказали PGE. PGB-palm-nocontact-simple-vertical А тут он как бы я вижу последствия PGE.;w6;он;PRON;Case=Nom|Gender=Masc|Number=Sing|Person=3;pp_sg;exophoric
pgb-palm-nocontact-simple-vertical;PGB-index-nocontact-simple-vertical Потому что тут видно, что он был недоволен тем, что ему рассказали PGE. PGB-palm-nocontact-simple-vertical А тут он как бы я вижу последствия PGE.;w3;он;PRON;Case=Nom|Gender=Masc|Number=Sing|Person=3;pp_sg;exophoric
pgb-palm-nocontact-simple-vertical;Да, ну PGB-palm-nocontact-simple-vertical может быть он скатился PGE, кто знает.;w3;он;PRON;Case=Nom|Gender=Masc|Number=Sing|Person=3;pp_sg;exophoric
pgb-other-contact-simple-up;На самом деле, на самом деле, PGB-other-contact-simple-up мне кажется, что это он сидит PGE вот здесь вот, где там этот допрос был, PGB-index-contact-simple-down вот здесь PGE еще, и думает, что PGB-index-contact-simple-down с ним будет в тюрьме PGE.;w5;он;PRON;Case=Nom|Gender=Masc|Number=Sing|Person=3;pp_sg;exophoric
pgb-index-contact-simple-down;PGB-index-contact-simple-down Ну слушай, интересно, это картинка такая хреновая, или он ему реально глаз че-то сделал PGE.;w9;он;PRON;Case=Nom|Gender=Masc|Number=Sing|Person=3;pp_sg;exophoric
pgb-index-contact-simple-down;PGB-index-contact-simple-down Слушай, он по-ходу, не арбузом, он все таки бутылкой PGE.;w2;он;PRON;Case=Nom|Gender=Masc|Number=Sing|Person=3;pp_sg;exophoric
pgb-index-contact-simple-down;PGB-index-contact-simple-down Слушай, он по-ходу, не арбузом, он все таки бутылкой PGE.;w6;он;PRON;Case=Nom|Gender=Masc|Number=Sing|Person=3;pp_sg;exophoric
pgb-index-contact-complex-down;Да, PGB-index-contact-complex-down тут он типа, что он там сидел в темной PGE своей камере.;w2;он;PRON;Case=Nom|Gender=Masc|Number=Sing|Person=3;pp_sg;exophoric
pgb-index-contact-complex-down;Да, PGB-index-contact-complex-down тут он типа, что он там сидел в темной PGE своей камере.;w5;он;PRON;Case=Nom|Gender=Masc|Number=Sing|Person=3;pp_sg;exophoric
pgb-index-contact-complex-down;То есть PGB-index-contact-complex-down он говорит, что ему, наверное, товарищ PGE рассказал, что PGB-index-contact-simple-down она флиртовала PGE PGB-index-nocontact-simple-down каким-то парнем PGE, продающим газеты.;w1;он;PRON;Case=Nom|Gender=Masc|Number=Sing|Person=3;pp_sg;exophoric
pgb-palm-nocontact-simple-vertical;Ну PGB-palm-nocontact-simple-vertical хотя бы он PGB-palm-nocontact-complex-down не вижу тут ни нотки раскаяние нигде PGE.;w3;он;PRON;Case=Nom|Gender=Masc|Number=Sing|Person=3;pp_sg;exophoric
pgb-index-nocontact-complex-down;И про PGB-index-nocontact-complex-down деда он вообще PGE не вспоминает.;w2;он;PRON;Case=Nom|Gender=Masc|Number=Sing|Person=3;pp_sg;exophoric
pgb-index-nocontact-simple-down;Блин, реально, если, PGB-index-nocontact-simple-down короче, переиначить, он предлагает PGE как.;w3;он;PRON;Case=Nom|Gender=Masc|Number=Sing|Person=3;pp_sg;exophoric
pgb-index-contact-simple-down;Да, и PGB-index-contact-simple-down она пошла PGE.;w1;она;PRON;Case=Nom|Gender=Fem|Number=Sing|Person=3;pp_sg;exophoric
pgb-index-nocontact-complex-vertical;Чтобы избавиться PGB-index-nocontact-simple-down от него PGE, чтобы PGB-index-nocontact-complex-vertical она могла быть счастлива PGE другим мужчиной?;w1;она;PRON;Case=Nom|Gender=Fem|Number=Sing|Person=3;pp_sg;exophoric
pgb-index-contact-simple-down;PGB-index-contact-simple-down Это жертва, она рассказывает PGE, как PGB-index-contact-simple-down ее били PGE.;w3;она;PRON;Case=Nom|Gender=Fem|Number=Sing|Person=3;pp_sg;exophoric
pgb-palm-nocontact-complex-vertical;Мы не знаем кто это. PGB-palm-contact-simple-vertical Да, в общем он пришел домой после PGE PGB-palm-contact-complex-vertical того как ему на пьянке рассказали PGE, PGB-palm-nocontact-complex-vertical что видели его жену PGE. PGB-palm-nocontact-complex-vertical Что она с кем-то общалась PGE. PGB-palm-contact-simple-vertical Очень дружелюбно.;w2;она;PRON;Case=Nom|Gender=Fem|Number=Sing|Person=3;pp_sg;exophoric
pgb-index-nocontact-complex-up;PGB-index-nocontact-complex-up Она позвала полицию PGE.;w1;она;PRON;Case=Nom|Gender=Fem|Number=Sing|Person=3;pp_sg;exophoric
pgb-index-nocontact-complex-up;PGB-other-nocontact-complex-up Ну то есть тут видно PGE, PGB-other-nocontact-simple-up он PGE PGB-other-nocontact-complex-up обвиняет ее в том PGE, что PGB-index-nocontact-complex-up она сильно мила к нему PGE была.;w1;она;PRON;Case=Nom|Gender=Fem|Number=Sing|Person=3;pp_sg;exophoric
pgb-index-contact-simple-down;Ну вот тут, PGB-index-contact-simple-down вот она вот эти PGE фрукты держит.;w2;она;PRON;Case=Nom|Gender=Fem|Number=Sing|Person=3;pp_sg;exophoric
pgb-index-nocontact-complex-down;Хотя PGB-index-contact-complex-down жена то тоже явно PGE, вот то, PGB-index-nocontact-simple-vertical что мы в самом начале сказали PGE, да, PGB-index-nocontact-complex-down что она явно PGE PGB-index-nocontact-complex-down Никто на самом деле не счастлив PGE его видеть то по началу.;w2;она;PRON;Case=Nom|Gender=Fem|Number=Sing|Person=3;pp_sg;exophoric
pgb-index-contact-simple-down;То есть PGB-index-contact-complex-down он говорит, что ему, наверное, товарищ PGE рассказал, что PGB-index-contact-simple-down она флиртовала PGE PGB-index-nocontact-simple-down каким-то парнем PGE, продающим газеты.;w1;она;PRON;Case=Nom|Gender=Fem|Number=Sing|Person=3;pp_sg;exophoric
pgb-index-contact-complex-down;PGB-index-contact-complex-down А она говорит, что она просто PGE покупала заплатила.;w2;она;PRON;Case=Nom|Gender=Fem|Number=Sing|Person=3;pp_sg;exophoric
pgb-index-contact-complex-down;PGB-index-contact-complex-down А она говорит, что она просто PGE покупала заплатила.;w5;она;PRON;Case=Nom|Gender=Fem|Number=Sing|Person=3;pp_sg;exophoric
pgb-index-contact-simple-down;Да, другой стороны, может быть он только он как бы смирился с тем, PGB-index-contact-simple-down ему сейчас выдают PGE и PGB-index-contact-simple-down он как раз наоборот PGE в тюрьму.;w2;сейчас;ADV;Degree=Pos;temporal;other
pgb-index-contact-simple-down;То есть PGE PGB-index-contact-simple-down и PGE PGB-index-contact-complex-down собственно вопрос в том, что PGE, похоже, PGB-index-contact-simple-down ему выдают эти вещи сейчас PGE.;w5;сейчас;ADV;Degree=Pos;temporal;other
pgb-index-nocontact-complex-up;Да, PGB-index-nocontact-complex-up мы сейчас узнаем, что там PGE.;w2;сейчас;ADV;Degree=Pos;temporal;other
pgb-palm-contact-simple-vertical;Слушай, ну PGB-palm-contact-simple-vertical сейчас пацан PGE.;w1;сейчас;ADV;Degree=Pos;temporal;other
pgb-other-contact-simple-down;Да, она PGB-other-contact-simple-down сейчас уронит его PGE.;w1;сейчас;ADV;Degree=Pos;temporal;other
pgb-index-contact-simple-down;PGB-index-contact-simple-down То есть вот это дед PGE, PGB-index-nocontact-simple-down а это PGE, PGB-index-nocontact-complex-down ну, жена PGE.;w1;то;PRON;Animacy=Inan|Case=Nom|Gender=Neut|Number=Sing;dem_p_dist;presentational